Name,RA_(J2000),DEC_(J2000),Redshift,Dist_[Mpc],BAT_Type,PACS70,PACS70_err,PACS160,PACS160_err,PSW,PSW_err,PMW,PMW_err,PLW,PLW_err,BAT_flux,L_X
1RXSJ044154.5-082639,04h41m54.1s,-08d26m34s,0.044000000000000004,194.7667351,Sy 1,0.175836701,0.012375183,0.149144382,0.02416791,0.061929142,0.007481776,0.0,0.103439352,0.0,0.036700499,1.02e-11,4.630537947383563e+43
1RXSJ045205.0+493248,04h52m05.0s,+49d32m45s,0.028999999999999998,126.9623967,Sy 1,0.35401226700000005,0.021067983999999998,0.7852900490000001,0.086103475,0.361838457,0.070976728,0.0,0.19876702100000002,0.0,0.111287861,6.32e-11,1.2191833133869248e+44
2E1739.1-1210,17h41m55.3s,-12d11m57s,0.037000000000000005,162.94605,Sy 1,0.560790044,0.028472565,0.780962759,0.114451571,0.526013495,0.092948738,0.0,0.237344943,0.0,0.08835285699999999,4.45e-11,1.4139999454860916e+44
2MASSJ07594181-3843560,07h59m41.7s,-38d43m57s,0.04,176.5453557,Sy 1.2,0.04609023,0.007046019000000001,0.0,0.121242967,0.0,0.042263747000000004,0.0,0.068341727,0.0,0.11967107800000001,5.0600000000000005e-11,1.887403772763952e+44
2MASSJ17485512-3254521,17h48m55.1s,-32d54m52s,0.02,86.97319195,Sy 1,0.0,0.14011273800000001,0.0,0.239512365,0.0,0.555283344,0.0,0.38046379399999997,0.0,0.20584439999999998,3.67e-11,3.3222980402576753e+43
2MASXiJ1802473-145454,18h02m47.3s,-14d54m55s,0.0034,14.59966892,Sy 1,1.203153282,0.06306373,1.871991156,0.228676761,0.0,0.857075445,0.0,0.671631338,0.0,0.405370258,4.03e-11,1.027999179960925e+42
2MASXJ00253292+6821442,00h25m32.9s,+68d21m44s,0.012,51.86889568,Sy 2,0.290402993,0.015439215,0.30293841,0.023994908,0.0,0.253509914,0.0,0.32480729,0.0,0.28684005,1.82e-11,5.859858092191627e+42
2MASXJ01064523+0638015,01h06m45.3s,+06d38m02s,0.040999999999999995,181.09118180000002,Sy 2,0.149982425,0.010705186,0.0,0.097260099,0.03397652,0.006193888000000001,0.0,0.07876168,0.0,0.06509921,1.5499999999999998e-11,6.083142800204583e+43
2MASXJ01073963-1139117,01h07m39.6s,-11d39m12s,0.047458999999999994,210.60534249999998,Sy 2 Double Source,0.490827689,0.03326225,0.715240255,0.059986977999999996,0.313315118,0.031036575,0.139717696,0.018870492,0.0,0.050182172000000004,1.05e-11,5.57352270067471e+43
2MASXJ03305218+0538253,03h30m52.2s,+05d38m26s,0.046,203.91543000000001,Sy 1,0.22243749100000001,0.015765822,0.130274019,0.019527726999999998,0.0,0.120156808,0.0,0.193844202,0.0,0.08827433400000001,1.1e-11,5.473871166588705e+43
2MASXJ03342453-1513402,03h34m24.5s,-15d13m40s,0.034938,153.6320709,Sy 1.5,0.610137895,0.039179873999999996,0.973836288,0.078898358,0.38354290700000004,0.039071824,0.209135882,0.024739514,0.0,0.10032868199999999,1.25e-11,3.5308192842896326e+43
2MASXJ03502377-5018354,03h50m23.8s,-50d18m36s,0.036492000000000004,160.6489124,Sy 2,0.39514194700000005,0.027413822999999997,0.470563412,0.0322574,0.42351026700000005,0.06893631900000001,0.0,0.24797501800000002,0.0,0.08958563,2.0899999999999997e-11,6.455108894504058e+43
2MASXJ03534246+3714077,03h53m42.5s,+37d14m07s,0.018646,81.00245744,Sy 2,0.8171886140000001,0.045908287,1.128436792,0.08708848,0.44287806700000004,0.056570719000000005,0.0,0.209153867,0.0,0.075279661,1.53e-11,1.2014052559114684e+43
2MASXj03540948+0249307,03h54m09.5s,+02d49m31s,0.036000000000000004,158.4256956,Sy 1,0.183111458,0.012087253999999999,0.0,0.198404346,0.0,0.20090291899999999,0.0,0.059370624000000004,0.0,0.12560664900000001,1.2900000000000002e-11,3.8747408653175507e+43
2MASXJ04234080+0408017,04h23m40.8s,+04d08m02s,0.045,199.33792119999998,Sy 2,0.574411267,0.038254914,0.501697877,0.02799866,0.207584842,0.025566069,0.0,0.109184192,0.0,0.066974408,2.3899999999999996e-11,1.136526216707292e+44
2MASXJ04440903+2813003,04h44m09.0s,+28d13m01s,0.011268,48.67774271,Sy 2,1.223989617,0.06906743900000001,2.411113543,0.33967879,0.0,1.5153860209999999,0.0,0.9322196,0.0,1.052288162,5.3e-11,1.5029289110262346e+43
2MASXJ05020903+0331499,05h02m09.0s,+03d31m50s,0.01599,69.32496001,Sy 1,0.08411181699999999,0.010002074,0.0,0.183101607,0.121141737,0.018990877,0.0,0.044749432,0.0,0.060172175999999994,1.53e-11,8.799791733816475e+42
2MASXJ05054575-2351139,05h05m45.7s,-23d51m14s,0.035041,154.0966737,Sy 2 HII,0.17858653,0.010894218,0.141917527,0.025388567,0.11901446199999999,0.017529335,0.0,0.164773326,0.0,0.060489685,6.09e-11,1.7306351833553016e+44
2MASXJ05580206-3820043,05h58m02.0s,-38d20m05s,0.03387,148.8186348,Sy 1,0.245650084,0.015637425,0.0,0.199144054,0.205646456,0.032778672,0.154971736,0.019142357,0.073127607,0.013304327,2.93e-11,7.765759921425649e+43
2MASXJ06411806+3249313,06h41m18.0s,+32d49m32s,0.047,208.49925430000002,Sy 2,0.087095755,0.009009298,0.0,0.052829243,0.0,0.044124632999999996,0.0,0.06316654299999999,0.0,0.070955217,3.51e-11,1.8260717425120275e+44
2MASXJ06561197-4919499,06h56m12.0s,-49d19m50s,0.041002,181.1002798,Sy 2,0.259185275,0.015562386000000001,0.125976378,0.022875059,0.110329544,0.020531357,0.0,0.090739469,0.0,0.069256105,1.2199999999999999e-11,4.78850318643394e+43
2MASXJ07262635-3554214,07h26m26.4s,-35d54m22s,0.029404000000000003,128.76972849999999,Sy 2,1.1128446570000001,0.059029122,0.0,0.699665284,0.0,0.33652222299999995,0.0,0.346295575,0.0,0.21900192100000002,2.34e-11,4.643496525590141e+43
2MASXJ07595347+2323241,07h59m53.5s,+23d23m24s,0.029182999999999997,127.78093419999999,Sy 2,2.310934376,0.119616076,4.9433541530000005,0.250313595,2.139119329,0.208871505,0.9068618979999999,0.09066479300000001,0.314319224,0.03402586,3.45e-11,6.741443830998111e+43
2MASXJ08032736+0841523,08h03m27.4s,+08d41m52s,0.0468,207.5819846,Sy 1,0.0,0.079177093,0.0,0.11232192,0.0,0.06263218400000001,0.0,0.066732002,0.0,0.049926139,1.73e-11,8.92127917591648e+43
2MASXJ09023729-4813339,09h02m37.3s,-48d13m34s,0.0391,172.4595476,Sy 1,0.092385964,0.010113543000000001,0.0,0.800918817,0.0,1.4663319330000002,0.0,1.6829293319999998,0.0,1.005474072,2.9399999999999997e-11,1.046462145584801e+44
2MASXJ09043699+5536025,09h04m36.9s,+55d36m03s,0.037142,163.5884577,Sy 1,0.18113854,0.010170494,0.0,0.129970076,0.054565353,0.007185575,0.0,0.038539198,0.0,0.043903387,1.52e-11,4.868000467655927e+43
2MASXJ09235371-3141305,09h23m53.7s,-31d41m31s,0.042366,187.31104109999998,Sy 1.9,0.10951674300000001,0.006748633,0.0,0.163251927,0.0,0.078750225,0.0,0.051862135999999996,0.0,0.090966202,1.92e-11,8.0617567823807295e+43
2MASXJ09254750+6927532,09h25m47.5s,+69d27m53s,0.039,172.0058871,Sy 1,0.08592937699999999,0.008628537,0.0,0.200130024,0.0,0.233097325,0.0,0.062061976,0.0,0.077829703,9.23e-12,3.268060074616079e+43
2MASXJ09360622-6548336,09h36m06.3s,-65d48m33s,0.03922,173.0040243,Sy 1.8,0.0,0.074269746,0.0,0.118357345,0.0,0.052205902,0.0,0.073000489,0.0,0.069204935,1.2999999999999999e-11,4.656477092538448e+43
2MASXJ09594263-3112581,09h59m42.6s,-31d12m58s,0.037000000000000005,162.94605,Sy 1,0.281769333,0.01802662,0.270397371,0.026960012999999998,0.197218397,0.024654661,0.0,0.082262166,0.0,0.06621517,1.72e-11,5.465348103901297e+43
2MASXJ10402231-4625264,10h40m22.5s,-46d25m26s,0.023923,104.33963829999999,Sy 2,1.202330943,0.064471445,1.40689835,0.105353418,0.5249344579999999,0.029544179,0.198668436,0.013232787,0.070472054,0.011292756999999999,2.49e-11,3.244140900307337e+43
2MASXJ11454045-1827149,11h45m40.5s,-18d27m16s,0.032949,144.6735842,Sy 1,0.311923945,0.02563625,0.33932609,0.024283002999999997,0.166873023,0.021743027999999998,0.084046317,0.01126612,0.0,0.040628145,5.33e-11,1.3350803332357804e+44
2MASXJ12005792+0648226,12h00m57.9s,+06d48m23s,0.036045,158.6289744,Sy 2,0.522450226,0.027144893,0.917067216,0.060493532,0.41115677,0.042031822,0.153679232,0.017283497,0.057815,0.010560517,2.12e-11,6.384142923419066e+43
2MASXJ12313717-4758019,12h31m37.2s,-47d58m02s,0.027652,120.9395932,Sy 1,1.507478782,0.07944835900000001,1.9550477469999998,0.118933224,0.685237029,0.074936571,0.352456139,0.03584341,0.10733571900000001,0.017117114,1.5499999999999998e-11,2.71312880684917e+43
2MASXJ12335145-2103448,12h33m51.4s,-21d03m45s,0.023036,100.4043152,Sy 1 (58 month),0.34881758399999996,0.018097459,0.285815321,0.027599368,0.10305614,0.008127155,0.04193682,0.007082056999999999,0.0,0.0507345,9.890000000000001e-12,1.1931711830126007e+43
2MASXJ12475784-5829599,12h47m57.8s,-58d30m00s,0.027999999999999997,122.49332109999999,Sy 1.9,0.0,0.09345738599999999,0.0,0.081327027,0.0,0.26594290800000003,0.0,0.223400822,0.0,0.167920965,9.56e-12,1.7166605187453943e+43
2MASXJ13411287-1438407,13h41m12.9s,-14d38m41s,0.04179,184.68687490000002,Sy 1,0.131912586,0.009493167,0.19789190199999998,0.022198222000000004,0.180952516,0.020083985,0.08434095800000001,0.011446783,0.0,0.07152328599999999,2.4100000000000003e-11,9.837637495398938e+43
2MASXJ13512953-1813468,13h51m29.5s,-18d13m47s,0.012218000000000001,52.81994512,Sy 1 NL,0.0,0.075831263,0.0,0.07910802900000001,0.0,0.066681873,0.0,0.08807447800000001,0.0,0.051382172999999996,1.7899999999999998e-11,5.976550998492346e+42
2MASXJ14080674-3023537,14h08m06.8s,-30d23m54s,0.023456,102.26708029999999,Sy 1.4,0.0,0.043070871,0.0,0.133761645,0.0,0.044387284000000006,0.0,0.043199314,0.0,0.08813379699999999,1.72e-11,2.1527909974922616e+43
2MASXJ14530794+2554327,14h53m07.9s,+25d54m33s,0.0465,206.2065531,Sy 1,0.0,0.130813538,0.0,0.129319937,0.0,0.04115611,0.0,0.051592764000000006,0.0,0.057384070999999995,2.3999999999999998e-11,1.22128739481819e+44
2MASXJ15064412+0351444,15h06m44.1s,+03d51m44s,0.0377,166.11409369999998,Sy 2,0.063514243,0.005690004,0.0,0.148222289,0.079356124,0.014462178000000001,0.0,0.050445366,0.0,0.070200366,1.57e-11,5.184588856118019e+43
2MASXJ15115979-2119015,15h11m59.8s,-21d19m02s,0.044607,197.5406906,Sy 1 NL,1.846494909,0.093988791,1.572328586,0.122272671,0.594798829,0.033600208,0.22762399600000002,0.015050463,0.080112691,0.013230243000000001,3.13e-11,1.461703141900078e+44
2MASXJ15462424+6929102,15h46m24.3s,+69d29m10s,0.037389,164.70619150000002,Sy 1.9,0.175732356,0.012966391,0.097303939,0.019156905,0.0,0.036884607,0.0,0.081268675,0.0,0.054194633,1.39e-11,4.512698908659073e+43
2MASXJ16481523-3035037,16h48m15.3s,-30d35m04s,0.031,135.91984399999998,Sy 1,0.096398565,0.007797209,0.0,0.13603078300000002,0.0,0.162156065,0.0,0.114918509,0.0,0.095609316,4.57e-11,1.0103774440851925e+44
2MASXJ18570768-7828212,18h57m07.8s,-78d28m21s,0.042,185.6433584,Sy 1,0.34948785,0.018752913,0.356083689,0.03096538,0.210995093,0.02918327,0.082461749,0.012685388999999998,0.0,0.045425217000000004,2.4199999999999998e-11,9.98104253539103e+43
2MASXJ19373299-0613046,19h37m33.0s,-06d13m05s,0.010254000000000001,44.26301761,Sy 1.5,3.587559723,0.183705774,4.963942213,0.271667169,1.8841076959999998,0.18498877,0.6978299840000001,0.078951769,0.214319674,0.024126519,2.32e-11,5.439659671331905e+42
2MASXJ19380437-5109497,19h38m04.4s,-51d09m50s,0.040018,176.62712439999999,Sy 1.2,0.077916779,0.010140477,0.211094216,0.023789344,0.21119817899999999,0.037990854,0.0,0.08561034,0.0,0.074069732,1.51e-11,5.637589525532794e+43
2MASXJ20005575-1810274,20h00m55.7s,-18d10m27s,0.037119,163.484397,Sy 1 Merger,0.8863545909999999,0.046215542000000005,0.696158552,0.061629865,0.29964519300000003,0.042207664000000006,0.177159166,0.020433363,0.0,0.062688917,2.0899999999999997e-11,6.684987709581113e+43
2MASXJ20101740+4800214,20h10m17.4s,+48d00m21s,0.025627999999999998,111.9184465,Sy 2,0.198223735,0.01151012,0.352082399,0.033449402,0.232647629,0.036115462,0.0,0.103290169,0.0,0.08414289,1.33e-11,1.9936857049732606e+43
2MASXJ20183871+4041003,20h18m38.7s,+40d41m00s,0.0144,62.35630841,Sy 2,0.0,0.371069243,0.0,0.611111434,0.0,3.6631881560000004,0.0,2.829116708,0.0,1.4268760280000001,2.8500000000000002e-11,1.3261949206667148e+43
2MASXJ21090996-0940147,21h09m10.0s,-09d40m15s,0.026514999999999997,115.86863079999999,Sy 1.2 LINER,0.307347255,0.018176661,0.22851979100000003,0.03007486,0.093831074,0.00820128,0.0,0.14021244300000002,0.0,0.075986271,1.98e-11,3.181256212264442e+43
2MASXJ21355399+4728217,21h35m54.0s,+47d28m22s,0.025,109.12477009999999,Sy 1,0.518364395,0.036793504,0.74938918,0.09992979800000001,0.36613764200000004,0.067885099,0.17028832300000002,0.029129482,0.206039334,0.034770622,2.2199999999999998e-11,3.163744225188448e+43
2MASXJ23272195+1524375,23h27m22.0s,+15d24m37s,0.045717,202.61935390000002,Sy 1,0.134769115,0.009111596999999999,0.24713247,0.024314192000000002,0.167660423,0.010901972,0.141041226,0.010120499,0.145157111,0.011587789,1.05e-11,5.158849506836359e+43
2MFGC02280,02h50m42.6s,+54d42m18s,0.015153999999999999,65.65888097,Sy 2,1.5412558969999999,0.080588742,2.062762738,0.136917085,0.74638191,0.042025357,0.307614984,0.018807872,0.092210866,0.012902611000000001,2.7100000000000002e-11,1.3981634724277653e+43
3C111.0,04h18m21.3s,+38d01m36s,0.0485,215.3868174,Sy 1,0.266283454,0.016951288000000002,0.531878906,0.061945973,0.5622628279999999,0.031741309,0.7213018609999999,0.040264514,0.865952582,0.048609647,1.17e-10,6.495697731405726e+44
3C120,04h33m11.1s,+05d21m16s,0.033010000000000005,144.94795269999997,Sy 1,1.368109096,0.070052045,1.5093341230000001,0.10232755699999999,0.832994494,0.092864135,0.507012931,0.058966440999999994,0.395872912,0.043308041,9.44e-11,2.3735472027751473e+44
4U1344-60,13h47m36.0s,-60d37m04s,0.012879,55.70553482,Sy 1.5,2.04024662,0.116356578,0.0,0.15587652400000002,0.0,2.02439361,0.0,1.622006094,0.0,1.154661192,1.08e-10,4.010718297414388e+43
6dFJ0626586-370559,06h26m58.6s,-37d05m59s,0.038517,169.81560269999997,Sy 1.5,0.209494359,0.012810317,0.442123528,0.032302947,0.232694752,0.014243428999999998,0.105234196,0.008790137,0.052077240999999996,0.008416821,1.17e-11,4.0377809141691244e+43
6dFJ2132022-334254,21h32m02.2s,-33d42m54s,0.029974,131.32146200000003,Sy 1,0.07897759900000001,0.007340630999999999,0.0,0.081826912,0.0,0.076473122,0.0,0.062437976,0.0,0.050613963,4.2700000000000005e-11,8.812537958620025e+43
Ark120,05h16m11.4s,-00d08m59s,0.032713,143.61231750000002,Sy 1,0.68491298,0.038676385,1.175719942,0.097058752,0.630017918,0.07288004,0.283739361,0.042139437,0.109045164,0.01794542,7e-11,1.727758859500922e+44
ARK241,10h21m40.2s,-03d27m14s,0.040845,180.3861627,Sy 1,0.08104243900000001,0.005204836,0.0,0.1780683,0.16835374600000003,0.026180685,0.12025618099999999,0.02277397,0.0,0.06616973599999999,2.04e-11,7.943983162709227e+43
ARK347,12h04m29.7s,+20d18m58s,0.022445,97.78507352,Sy 2,0.364732939,0.019009589,0.497467183,0.030096558,0.304135697,0.031831289,0.142805069,0.017246466000000002,0.0,0.068825963,2.95e-11,3.3757389652835283e+43
ARP102B,17h19m14.5s,+48d58m49s,0.024166999999999998,105.42307779999999,Sy 1 LINER,0.102834469,0.008521684,0.0,0.132532985,0.07041042900000001,0.011577296,0.0,0.10672660699999999,0.0,0.098390862,1.82e-11,2.4207195511871113e+43
ARP151,11h25m36.2s,+54d22m57s,0.021091,91.79284190000001,Sy 1,0.0,0.048471895999999993,0.0,0.070142904,0.0,0.04947858,0.0,0.039475097,0.0,0.036032339,1.96e-11,1.9764025721308038e+43
AXJ1737.4-2907,17h37m28.4s,-29d08m03s,0.0214,93.15929812,Sy 1,0.451376505,0.029428845,0.0,0.617487659,0.0,2.537224947,0.0,2.0895044680000003,0.0,1.374049539,1.1599999999999999e-10,1.2047921033421186e+44
CenA,13h25m27.6s,-43d01m09s,0.001825,3.57,Sy 2,400.57599999999996,20.0305102,732.8839999999999,36.64687606,295.6883277,29.45253013,120.2852977,12.35056402,47.23353086,4.8893004939999996,1.3900000000000002e-09,2.1200833725703783e+42
CGCG102-048,13h44m15.7s,+19d34m00s,0.027065,118.3205621,Sy 1.9,0.052120999,0.007810032,0.0,0.14745609199999998,0.0,0.245051758,0.0,0.21415502600000003,0.0,0.057408089,1.95e-11,3.267057417959194e+43
CGCG122-055,09h42m04.8s,+23d41m07s,0.021371,93.03102831,Sy 1,0.650671466,0.040379173,0.57190077,0.039036268,0.268369144,0.026819513,0.09319217099999999,0.011835219,0.0,0.04259772,1.3800000000000002e-11,1.429342926274258e+43
CGCG229-015,19h05m25.9s,+42d27m40s,0.027879,121.9529996,Sy 1,0.147645505,0.009333784,0.270280081,0.022021445,0.173731332,0.030681019,0.0,0.10567293400000001,0.0,0.08935012099999999,1.1099999999999999e-11,1.9756484130221715e+43
CGCG300-062,17h43m17.4s,+62d50m21s,0.032999,144.89847460000001,Sy 2,0.101696038,0.00632634,0.286005832,0.021149347000000002,0.20803222300000002,0.025414127,0.10142239900000001,0.017669808000000002,0.0,0.058082145,1.0100000000000001e-11,2.5377609379286103e+43
CGCG312-012,09h29m37.9s,+62d32m39s,0.025611000000000002,111.84278799999998,Sy 2,0.071459854,0.005576721,0.189163878,0.027399176,0.11737826900000001,0.014050968999999998,0.0,0.055822422999999996,0.0,0.04432077,9.04e-12,1.353275150236247e+43
CGCG319-007,15h19m33.7s,+65d35m59s,0.044000000000000004,194.7667351,Sy 1.9,0.345076252,0.021561355,0.760401333,0.06818085900000001,0.32796991,0.033897186,0.132820382,0.019237467,0.0,0.046931578,1.32e-11,5.992460873084612e+43
CGCG341-006,18h45m26.2s,+72d11m02s,0.0463,205.2899145,Sy 2,1.1353664890000001,0.059664115999999996,0.956778907,0.097922594,0.334156167,0.019351148000000002,0.129494104,0.009838793,0.052507612,0.009135451,1.1499999999999999e-11,5.800090573545488e+43
CGCG367-009,16h19m19.3s,+81d02m48s,0.023916999999999997,104.3130012,Sy 2,0.05915283599999999,0.006668505999999999,0.15370747,0.028582259,0.193207233,0.027373106,0.0,0.150653873,0.0,0.077878457,2.27e-11,2.9560001114468514e+43
CGCG420-015,04h53m25.8s,+04d03m42s,0.02939,128.70708059999998,Sy 2,0.6476646629999999,0.033588206,0.6836738459999999,0.060973683,0.290935377,0.029423535,0.136873723,0.017732467,0.0,0.071427368,2.81e-11,5.570740219215407e+43
CGCG468-002NED01,05h08m19.7s,+17d21m48s,0.017505,75.98025031,Sy 2,2.323458613,0.119142463,2.378104505,0.14332088,2.67215551,0.314109299,1.0220056290000001,0.128224808,0.285705879,0.033907026,2.5999999999999997e-11,1.796290178700936e+43
CGCG493-002,21h38m33.4s,+32d05m06s,0.0248,108.23559920000001,Sy 1.5,0.426111154,0.045465492999999996,0.418861019,0.024533747,0.186437534,0.012043365,0.081318611,0.008622189,0.0,0.060721751,1.7899999999999998e-11,2.509545013565583e+43
CGCG535-012,00h36m21.0s,+45d39m54s,0.047643,211.44998619999998,Sy 1.2,0.144537855,0.010973621999999999,0.0,0.17731544,0.17259902,0.032008877000000005,0.0,0.10839912,0.052542715999999996,0.008630491,1.56e-11,8.347215543937333e+43
ESO005-G004,06h05m41.6s,-86d37m55s,0.006228,22.0,Sy 2,7.6160000000000005,0.386520653,22.206,1.111099841,12.7113744,1.350468472,5.657773457999999,0.633221131,2.234638989,0.341987976,3.36e-11,1.9461949732968938e+42
ESO031-G008,03h07m35.3s,-72d50m03s,0.027619,120.7922975,Sy 1.2,0.06909431,0.00491946,0.0,0.258908693,0.221561045,0.030657805,0.10985611099999999,0.01666758,0.0,0.034135658,1.24e-11,2.165219232830352e+43
ESO033-G002,04h55m59.0s,-75d32m28s,0.0181,78.59813509,Sy 2,0.696989491,0.037777976,0.688894572,0.083387137,0.319599991,0.042519509000000004,0.146498104,0.022994557000000002,0.083565458,0.012259305,2.13e-11,1.5747288862322537e+43
ESO103-035,18h38m20.3s,-65d25m39s,0.013286000000000001,57.48371287,Sy 2,1.7322735919999999,0.08817614800000001,0.551429837,0.034249895,0.157078623,0.010436701999999999,0.065577203,0.008157395999999999,0.0,0.088242548,1.12e-10,4.4290374550410447e+43
ESO121-IG028,06h23m45.6s,-60d58m44s,0.040520999999999995,178.9129383,Sy 2,0.0,0.07451606,0.0,0.232710871,0.170744924,0.020436258,0.1062704,0.017797827,0.0,0.060544111,2.81e-11,1.076444204333227e+44
ESO137-34,16h35m14.1s,-58d04m48s,0.009144,39.43807052,Sy 2,2.792921989,0.14985763800000002,6.219763106,0.386469666,3.435798437,0.434113187,1.4275005790000002,0.197621525,0.468799261,0.063372102,2.82e-11,5.249067218194849e+42
ESO139-G012,17h37m39.1s,-59d56m27s,0.017018000000000002,73.839261,Sy 2,0.413790275,0.027039105,2.7039999999999997,0.141645035,2.220358134,0.225154578,0.9793979890000001,0.118480592,0.345363245,0.049964444000000004,2.26e-11,1.4746359919384162e+43
ESO141-G055,19h21m14.1s,-58d40m13s,0.037108999999999996,163.4391543,Sy 1,0.6127831579999999,0.04115642,1.309911597,0.087933395,0.599286596,0.067735751,0.272357728,0.035180444,0.0,0.10147947,5.4399999999999994e-11,1.7390530083602617e+44
ESO157-G023,04h22m24.2s,-56d13m33s,0.04353,192.6204637,Sy 2,0.082120889,0.0074101309999999995,0.588,0.034215036000000004,0.562853293,0.060248841,0.252414676,0.026597261,0.120801961,0.020733905,2.12e-11,9.413311198231499e+43
ESO195-IG021NED03,01h00m35.0s,-47d52m04s,0.048247000000000005,214.224121,Sy 1.8,0.410581243,0.021102542000000002,0.824056681,0.10629951800000001,0.47182865799999996,0.050043609,0.20351124899999998,0.023194182,0.0,0.07599693,1.63e-11,8.952123211381263e+43
ESO197-G027,02h10m52.5s,-49d41m55s,0.04809,213.5028085,Sy 2,0.7364397909999999,0.0383325,1.5611211369999998,0.085152378,0.758942149,0.086779315,0.336645937,0.038113569,0.12450266300000001,0.020236718,7.88e-12,4.2986799279205024e+43
ESO198-024,02h38m19.7s,-52d11m33s,0.0455,201.6258857,Sy 1,0.10560130300000001,0.011680813,0.0,0.109714848,0.055658475,0.0073122790000000005,0.0,0.043178527,0.0,0.051115612000000005,2.96e-11,1.4400779307748406e+44
ESO209-G012,08h01m58.0s,-49d46m42s,0.040494999999999996,178.7947455,Sy 1.5,1.038901543,0.057715779,2.076944821,0.10652496199999999,1.364078654,0.254216294,0.0,0.630147117,0.0,0.251152545,2.13e-11,8.14874661663214e+43
ESO244-IG030,01h29m51.2s,-42d19m35s,0.025598,111.7849327,Sy 2,1.425,0.07549602,2.207,0.116155696,1.053627887,0.107183445,0.44727160899999996,0.060821266,0.117726678,0.016401475,8.859999999999999e-12,1.3249575637102806e+43
ESO263-G013,10h09m48.2s,-42d48m40s,0.033537,147.31930880000002,Sy 2,0.164825852,0.010519178999999998,0.0,0.196163957,0.0,0.847928256,0.0,0.450410975,0.0,0.15951199900000002,3.5399999999999995e-11,9.194419496169495e+43
ESO297-018,01h38m37.2s,-40d00m41s,0.025227,110.1342922,Sy 2,0.6809999999999999,0.03720606,1.838,0.09415680900000001,1.337459894,0.144081082,0.6223880589999999,0.068644843,0.202139982,0.039324336,6.87e-11,9.972489200170727e+43
ESO323-077,13h06m26.1s,-40d24m53s,0.015013999999999998,65.0453904,Sy 1.2,7.017122307,0.35361738,7.531322177000001,0.455209617,2.880724732,0.28075317699999996,1.122742448,0.108612319,0.36113012299999997,0.03613638,3.31e-11,1.6759565323041535e+43
ESO362-18,05h19m35.8s,-32d39m28s,0.012445,53.81058898,Sy 1.5,1.426137588,0.073190326,1.923211877,0.09753033900000001,0.750151283,0.072803103,0.292549073,0.030137202000000002,0.138782154,0.02055956,4.9299999999999994e-11,1.7083785818167542e+43
ESO374-G044,10h13m19.9s,-35d58m58s,0.028452999999999996,124.5170147,Sy 2,0.284921938,0.015060881000000002,0.5012841229999999,0.09032000000000001,0.39203877200000004,0.04940935,0.199328769,0.027491854,0.082889488,0.014805687,2.01e-11,3.729539101002845e+43
ESO383-18,13h33m26.1s,-34d00m53s,0.012412000000000001,53.66655371,Sy 2,0.6543069739999999,0.04098822,0.7530590559999999,0.06987020599999999,0.304217222,0.03498555,0.146989701,0.021143351,0.0,0.07476773,1.8899999999999997e-11,6.514347564794563e+42
ESO399-20,20h06m57.7s,-34d32m58s,0.024950999999999997,108.9068993,Sy 1 Galaxy Pair,0.621788682,0.040451967,1.44097872,0.073662848,0.841473545,0.088561228,0.372625938,0.046493439000000004,0.123412655,0.022287782000000003,1.7899999999999998e-11,2.5407710082155885e+43
ESO417-G006,02h56m21.5s,-32d11m08s,0.016291,70.64604073,Sy 2,0.244116604,0.013215872,0.142163113,0.027423346,0.043402607999999995,0.006511783,0.0,0.118260418,0.0,0.114871565,3.07e-11,1.8336470229496727e+43
ESO426-G002,06h23m46.4s,-32d13m00s,0.022428999999999998,97.71419488,Sy 2,0.19648145399999997,0.01130861,0.630522306,0.33899999999999997,0.455273789,0.047932544,0.296590085,0.051976264,0.0,0.182834647,2.4399999999999998e-11,2.788090391899459e+43
ESO439-G009,11h27m23.4s,-29d15m27s,0.02389,104.19313709999999,Sy 2 (58 month),0.6,0.043565115999999994,1.486,0.078353208,1.1689848790000001,0.11920225,0.519511384,0.063002607,0.175233997,0.027645242999999996,6.71e-12,8.717710766203376e+42
ESO464-G016,21h02m23.8s,-28d10m29s,0.036351999999999995,160.0161325,AGN (58 month),0.466325805,0.024096232999999998,0.5240110729999999,0.028136734,0.276383846,0.052943360999999994,0.12212658400000001,0.021700623999999998,0.0,0.097198967,1.41e-11,4.3206427582877097e+43
ESO479-G031,02h44m47.7s,-24d30m50s,0.023526,102.5776521,LINER,0.086316659,0.010948945,0.0,0.15167882,0.045811134,0.0061859459999999995,0.0,0.054055332000000005,0.0,0.064020238,9.05e-12,1.1396088027681127e+43
ESO490-IG026,06h40m11.7s,-25d53m43s,0.02485,108.45786770000001,Sy 1.2,1.974766104,0.101650435,1.604453695,0.102579054,0.9361524090000001,0.108316883,0.38947699700000005,0.055963107000000005,0.145980866,0.019023545,3.74e-11,5.264964332915116e+43
ESO499-G041,10h05m55.4s,-23d03m25s,0.012816,55.43038551,Sy 1.5,0.539730513,0.028158403,0.940264705,0.137384655,0.436064037,0.042907362000000004,0.21983429,0.025802397999999997,0.096008358,0.019136537,1.46e-11,5.368467908922917e+42
ESO506-G027,12h38m54.6s,-27d18m28s,0.025024,109.23148799999998,Sy 2,0.52894712,0.036098248,1.219,0.065795624,1.087250831,0.108905795,0.48553023799999995,0.051167735,0.0,0.172800345,9.390000000000001e-11,1.3407969069858162e+44
ESO509-G038,13h31m13.9s,-25d24m10s,0.025970999999999998,113.4453676,Sy 1,0.441310562,0.023404777999999998,0.731621291,0.079455258,0.34125996399999997,0.03736168,0.14814956199999998,0.028213396,0.0,0.08106542900000001,1.4199999999999998e-11,2.1870745417112785e+43
ESO509-IG066NED01,13h34m39.6s,-23d26m48s,0.034307,150.7872955,Sy 2,0.882703328,0.048252737000000004,1.65590881,0.153646258,0.7784874420000001,0.076800507,0.29026282,0.033144707999999995,0.105708429,0.020817151000000002,1.82e-11,4.952250438619526e+43
ESO511-G030,14h19m22.4s,-26d38m41s,0.022389,97.53700555,Sy 1,0.707039876,0.348,2.021,0.131985148,2.185830929,0.21674570199999998,1.030224749,0.113622436,0.40295529,0.049120765999999996,3.99e-11,4.542693545039628e+43
ESO533-G050,22h34m49.8s,-25d40m37s,0.026445,115.5567068,Sy 2,0.102944979,0.015492758,0.8109999999999999,0.0405,0.641203826,0.107176286,0.339275837,0.06218906900000001,0.132412701,0.025332834,1.3599999999999999e-11,2.1733562930874119e+43
ESO548-G081,03h42m03.7s,-21d14m39s,0.014480000000000002,62.70653781,Sy 1,0.960207771,0.051334835999999995,2.180950396,0.132089693,0.783293613,0.07816266,0.356477791,0.038226565,0.08949092800000001,0.017632389,4.45e-11,2.0940515289619986e+43
ESO549-G049,04h02m25.7s,-18d02m51s,0.026291000000000002,114.87058529999999,Sy 2 LINER,3.628969705,0.187939601,5.13078786,0.26240599,1.813791224,0.173942232,0.695241363,0.068327549,0.234219395,0.026085016000000003,2.52e-11,3.9794212627321273e+43
ESO553-G022,05h11m57.8s,-18d29m38s,0.042079000000000005,186.00325080000002,Sy 2,0.081588705,0.010217437,0.472544563,0.08013545700000001,0.29554878100000004,0.044089138,0.137701518,0.023032035,0.0,0.103772836,1.3699999999999999e-11,5.672354224379513e+43
ESO553-G043,05h26m27.3s,-21d17m12s,0.027756,121.4038439,Sy 2,0.12195811699999999,0.010297833000000001,0.0,0.11437168800000001,0.0,0.07375674900000001,0.0,0.05971651,0.0,0.069223651,1.39e-11,2.4517793505209683e+43
ESO565-G019,09h34m43.6s,-21d55m40s,0.016285,70.61970112,Sy 2,3.045023697,0.155150798,3.028608583,0.15404663,0.981606392,0.09673684199999999,0.44067443,0.044323759000000004,0.130830646,0.015282599,2.0699999999999997e-11,1.235446101552437e+43
ESO578-G009,13h56m36.7s,-19d31m45s,0.035021,154.00645419999998,Sy 1,0.31793630300000003,0.029686797,0.99892215,0.075151595,0.521000786,0.071500094,0.22897371,0.03887612,0.0,0.126778217,1.6899999999999998e-11,4.796961754400882e+43
Fairall1146,08h38m30.8s,-35d59m33s,0.031577999999999995,138.5133321,Sy 1.5,1.219223782,0.06823528200000001,1.4070114569999999,0.090383755,0.569628146,0.068454709,0.308965476,0.04412100099999999,0.0,0.122720917,2.89e-11,6.635638281312963e+43
Fairall272,08h23m01.1s,-04d56m05s,0.021815,94.9954809,Sy 2,0.797891693,0.04413407900000001,1.221516366,0.071312569,0.545285004,0.052657339000000004,0.252760468,0.026055645,0.120954437,0.01491603,4.64e-11,5.011013575510501e+43
Fairall49,18h36m58.3s,-59d24m09s,0.020021,87.06588951,Sy 2,3.3180973839999996,0.169081925,2.555471401,0.147228066,0.8825400440000001,0.09549286900000001,0.349548188,0.040382417999999996,0.113375338,0.021504051,1.4199999999999998e-11,1.2882084232675976e+43
Fairall51,18h44m54.0s,-62d21m53s,0.014178,61.38464095,Sy 1,2.032480425,0.103982651,1.7532329009999998,0.104241896,1.185956445,0.19077021,0.558986411,0.060398752,0.0,0.24518246800000001,4.0400000000000004e-11,1.8218076123438148e+43
Fairall9,01h23m45.8s,-58d48m21s,0.047016,208.5726468,Sy 1,0.531611912,0.039018212999999996,0.610500103,0.038463363,0.24695766800000002,0.027046608,0.10439256599999999,0.01778359,0.0,0.04433899400000001,4.9500000000000004e-11,2.57704267987272e+44
HB890241+622,02h44m57.7s,+62d28m07s,0.044000000000000004,194.7667351,Sy 1,0.538308349,0.027497657000000002,0.362135747,0.023593247,0.141775255,0.014172368000000001,0.14661164599999998,0.016695293,0.211297751,0.021783756,9.050000000000001e-11,4.108467492531496e+44
IC0486,08h00m21.0s,+26d36m49s,0.026875,117.47331070000001,Sy 1,0.9889117009999999,0.061583665999999995,1.483165267,0.08914769199999999,0.7105419,0.078723923,0.293968705,0.039709356,0.10894802,0.018263522,3.22e-11,5.317848934951707e+43
IC1657,01h14m07.0s,-32d39m03s,0.011951999999999999,51.65953213,Sy 2,2.895,0.145166679,3.95,0.198,3.0354020389999996,0.347419565,1.4872205580000002,0.169530152,0.587031324,0.078730489,1.43e-11,4.567080662012833e+42
IC1816,02h31m51.0s,-36d40m19s,0.016944999999999998,73.51846563,Sy 1.8,1.781739873,0.098686853,2.7813836889999997,0.154254053,1.0603976720000001,0.10423967,0.383535235,0.040464849,0.109882791,0.014319608000000001,1.93e-11,1.2483946117197456e+43
IC2461,09h19m58.0s,+37d11m29s,0.007539,25.5,Sy 1.9,1.446,0.075125642,3.2439999999999998,0.163842941,2.193472182,0.21117578899999997,0.966804833,0.101919731,0.34751380200000004,0.045199324000000006,1.99e-11,1.548585344081285e+42
IC2637,11h13m49.7s,+09d35m11s,0.029230000000000003,127.9911945,Sy 1.5,2.575824764,0.136006105,4.186660733,0.22057110100000002,1.462677125,0.145902801,0.560398658,0.056889366,0.17030122399999997,0.018902818000000002,1.24e-11,2.4309922653943135e+43
IC2921,11h32m49.3s,+10d17m47s,0.044037,194.9357562,Sy 1,0.09026098,0.011080073000000001,0.0,0.17247236,0.093887369,0.008529621,0.0,0.051551467999999996,0.0,0.06399423,1.56e-11,7.094296248720841e+43
IC4329A,13h49m19.3s,-30d18m34s,0.016054,69.60580477,Sy 1.2,1.7968263169999998,0.094908857,0.968485763,0.121091053,0.502790235,0.088845334,0.169812607,0.061047649,0.0,0.10650136,2.9000000000000003e-10,1.6814758086724462e+44
IC4518A,14h57m41.2s,-43d07m56s,0.016261,70.51434503,Sy 2,5.2092592589999995,0.261020291,5.0112676060000005,0.251332554,5.838406216,0.577655127,2.305083486,0.259704267,0.759983363,0.115323353,2.78e-11,1.6542511912670167e+43
IC4709,18h24m19.4s,-56d22m09s,0.016905,73.34270208,Sy 2,0.5920000000000001,0.040038603,0.943,0.050534935,0.621500585,0.075990777,0.259375425,0.04252507,0.0,0.12587186,4.26e-11,2.742364124344424e+43
IC5063,20h52m02.3s,-57d04m08s,0.011348,49.0263316,Sy 2,4.266,0.41890276299999996,3.603,0.279840789,2.20435746,0.21549182600000003,0.996597057,0.126935982,0.391094906,0.060186234000000005,7.259999999999999e-11,2.088320370619216e+43
IGRJ11366-6002,11h36m42.0s,-60d03m07s,0.013999999999999999,60.60578899,Sy 2 LINER,1.1423941290000001,0.059109764,1.5870453930000001,0.090240692,0.0,0.501180337,0.0,0.511191434,0.0,0.53643632,2.0699999999999997e-11,9.099138420362351e+42
IGRJ23308+7120,23h30m37.7s,+71d22m46s,0.036979000000000005,162.851057,Sy 2,0.37924196600000004,0.02823396,0.809711326,0.056534627000000004,0.371322132,0.048332226,0.151286422,0.02419605,0.0,0.08723067,1.1099999999999999e-11,3.5229448919935693e+43
IISZ010,13h13m05.8s,-11d07m42s,0.034267,150.607047,Sy 1,0.08479303699999999,0.00585009,0.12457307199999999,0.01269529,0.054363255,0.006165141999999999,0.0,0.052567578,0.0,0.08379928,1.52e-11,4.12606325741029e+43
IIZw083,20h26m55.9s,-02d16m39s,0.029143000000000002,127.60200049999999,Sy 2,1.162115159,0.061352017,1.306439727,0.09802762599999999,0.537713228,0.052137490999999994,0.20052526899999998,0.023941482000000004,0.0,0.097981921,1.26e-11,2.455201941823137e+43
IRAS03219+4031,03h25m13.2s,+40d41m55s,0.047726,211.83106380000004,Sy 2,1.305948598,0.06884116700000001,1.171030372,0.087857989,0.441901581,0.046266189000000006,0.203807245,0.026978894,0.0,0.056124738,1.94e-11,1.0417961108739226e+44
IRAS04124-0803,04h14m52.7s,-07d55m40s,0.03816,168.19765149999998,Sy 1,0.656686869,0.048570653,0.438650861,0.023793914,0.16592157800000001,0.027913873,0.0,0.07379189,0.0,0.0362934,2.1e-11,7.109856860039507e+43
IRAS05078+1626,05h10m45.5s,+16d29m56s,0.017879,77.62550874,Sy 1.5,1.17505262,0.061243371,0.7266553729999999,0.09022857599999999,0.0,0.8481484229999999,0.0,0.333077942,0.0,0.16069229599999998,9.059999999999999e-11,6.533393619753151e+43
IRAS05218-1212,05h24m06.5s,-12d10m00s,0.049,217.6858221,Sy 1,0.33045644,0.020681265,0.26057600399999997,0.020964533,0.086362639,0.008308715,0.0,0.074612581,0.0,0.105003601,1.83e-11,1.0377986127857304e+44
IRAS05589+2828,06h02m10.7s,+28d28m22s,0.033,144.9029726,Sy 1,0.958754309,0.054559518,0.8126381309999999,0.09440179900000001,0.27982718300000003,0.036371199,0.0,0.105749157,0.0,0.134760846,6.52e-11,1.63833946531275e+44
KAZ320,22h59m32.9s,+24d55m06s,0.0345,151.6571388,Sy 1,0.36614375299999996,0.019540362,0.308341969,0.028551497999999998,0.107850932,0.008999517,0.047695268,0.007238165,0.0,0.091836714,2.5e-11,6.881251525528431e+43
KUG1141+371,11h44m29.9s,+36d53m09s,0.038060000000000004,167.7445895,Sy 1,0.044593062,0.008839239,0.0,0.09845085699999999,0.0,0.10455635099999999,0.0,0.06709889200000001,0.0,0.09832804699999999,1.54e-11,5.1858442675512255e+43
KUG1208+386,12h10m44.3s,+38d20m10s,0.022792,99.32266199,Sy 1,0.195204944,0.014492363000000001,0.0,0.16260819199999998,0.0,0.080522013,0.0,0.105520315,0.0,0.100109136,2.0699999999999997e-11,2.443817410022737e+43
LCRSB034324.7-394349,03h45m12.5s,-39d34m29s,0.042783,189.2121411,Sy 1,0.141828368,0.011444137,0.223568525,0.023348787000000003,0.14450929699999998,0.016081312,0.0,0.074306923,0.0,0.081409432,1.0400000000000001e-11,4.4558754920571107e+43
LCRSB232242.2-384320,23h25m24.2s,-38d26m49s,0.0359,157.9740112,Sy 1,0.644476313,0.036583151,1.338690104,0.077421166,0.603611076,0.073215607,0.235312608,0.032544592000000004,0.0,0.069575151,1.5e-11,4.4798581000914e+43
LEDA138501,02h09m34.3s,+52d26m33s,0.0492,218.60586459999996,Sy 1,0.0,0.083028404,0.0,0.085455213,0.0,0.064676753,0.0,0.064385162,0.0,0.05063907,5.13e-11,2.9338823199505263e+44
LEDA170194,12h39m06.3s,-16d10m47s,0.036675,161.4762349,Sy 2,0.37310753700000004,0.02225458,0.637952043,0.046143687,0.373142349,0.038718142000000004,0.175364525,0.025706782,0.102001411,0.015703842,4.1200000000000004e-11,1.285630457303021e+44
LEDA214543,16h50m42.7s,+04d36m18s,0.032059,140.6732151,Sy 2,0.118331956,0.007688839,0.326443266,0.021838563,0.27211906399999997,0.033636902,0.0,0.117916812,0.0,0.096517596,2.45e-11,5.802172263938905e+43
LEDA38038,12h02m47.6s,-53d50m08s,0.027966,122.3414857,Sy 2,1.9509775000000003,0.10206436699999999,1.4134959930000002,0.126259286,0.440556455,0.046325389,0.18197271399999998,0.025852634,0.0,0.073939381,4.7999999999999996e-11,8.59786150674771e+43
M106,12h18m57.5s,+47d18m14s,0.0014939999999999999,7.61,Sy 1.9 LINER,35.872,0.761326968,105.177,2.3138190919999997,72.76351495,7.403821751000001,38.12712827,4.075970121,16.24959972,1.877920685,2.2e-11,1.5247326557503663e+41
MCG-01-05-047,01h52m49.0s,-03d26m49s,0.017197,74.62601583,Sy 2,2.403,0.135199446,6.131,0.31152031199999997,4.344082521,0.422823865,2.118640928,0.24324459199999998,0.8321099829999999,0.108703465,2.29e-11,1.526221972469721e+43
MCG-01-09-045,03h31m23.0s,-05d08m30s,0.012822,55.45658909,Sy 2,0.0,0.133023084,0.36671001299999995,0.025376799,0.242144107,0.033393442999999995,0.0,0.104158427,0.0,0.066996711,1.28e-11,4.7110529536324944e+42
MCG-01-13-025,04h51m41.5s,-03d48m33s,0.015894,68.903743,Sy 1.2,0.092232477,0.007743961999999999,0.160365394,0.029515452999999997,0.0,0.090953336,0.0,0.061223266,0.0,0.051373995,3.11e-11,1.767045470877968e+43
MCG-01-24-012,09h20m46.2s,-08d03m22s,0.019644,85.40218363,Sy 2,0.572331358,0.031468367000000004,1.0913436159999998,0.135811283,0.713966463,0.07837454099999999,0.359446851,0.036965297,0.129385651,0.020447298,4.08e-11,3.5612283415554166e+43
MCG-01-30-041,11h52m38.2s,-05d12m26s,0.018816,81.75145203,Sy 1.8,1.497488141,0.076863784,1.7507972619999999,0.12359363400000001,0.756825353,0.08178254900000001,0.32627286899999997,0.037400905,0.0953004,0.018996198,1.4e-11,1.1197490261671362e+43
MCG-01-33-063,13h00m19.1s,-08d05m15s,0.026291000000000002,114.87058529999999,Sy 2 (58 month),0.302,0.027457053,1.16,0.061715248,0.9224128140000001,0.100671894,0.42582215,0.047838503,0.14933169599999999,0.026542681000000002,1.0300000000000001e-11,1.6265094843706711e+43
MCG-01-40-001,15h33m20.7s,-08d42m02s,0.022706,98.94151548,Sy 2,2.056,0.10784144300000001,2.425,0.124600851,1.56995145,0.19168727100000002,0.7222070290000001,0.091417791,0.0,0.22450805199999999,3.27e-11,3.830950817041065e+43
MCG-02-02-095,00h43m08.8s,-11d36m04s,0.018869999999999998,81.98940731,Sy 2,0.081078405,0.007848598,0.0,0.19567178899999998,0.104808352,0.019643794,0.0,0.095832456,0.0,0.045893289000000004,8.949999999999999e-12,7.200128324575214e+42
MCG-02-08-014,02h52m23.4s,-08d30m37s,0.016752,72.67050275,Sy 2 Hidden,0.33665640399999996,0.018650344,0.540515105,0.040998488,0.45115277200000004,0.062422871,0.0,0.23980528899999998,0.0,0.138354577,2.6100000000000002e-11,1.6495236412414333e+43
MCG-02-08-038,03h00m04.3s,-10d49m29s,0.032589,143.0548459,Sy 1,0.12566106800000001,0.009823265999999999,0.34,0.028075838,0.27006495,0.04726865400000001,0.0,0.149986759,0.0,0.04824168400000001,1.76e-11,4.310419343755588e+43
MCG-02-12-050,04h38m14.2s,-10d47m45s,0.036351999999999995,160.0161325,Sy 1.2,0.603,0.042375460999999996,1.376,0.075761139,0.870156994,0.08435768099999999,0.373066423,0.042135421,0.16892067600000002,0.026469289,1.9e-11,5.822142723933793e+43
MCG-02-14-009,05h16m21.2s,-10d33m41s,0.028452999999999996,124.5170147,Sy 1,0.34295462299999996,0.033224569,0.8131862120000001,0.060229199000000004,0.610174505,0.09319950800000001,0.294308948,0.046729087,0.0,0.108903796,1.3599999999999999e-11,2.523469242469586e+43
MCG-03-04-072,01h28m06.7s,-18d48m31s,0.046,203.91543000000001,Sy 1 NL,0.115296719,0.008991681999999999,0.22542773300000002,0.017407308,0.177435144,0.020000082,0.12355148,0.018921107,0.0,0.065668739,1.97e-11,9.803205634708862e+43
MCG-03-34-064,13h22m24.5s,-16d43m42s,0.016541,71.74373316,Sy 1.8,5.098933136,0.257041995,3.444156642,0.197505545,1.174475819,0.12154971,0.43480503,0.043543614,0.0,0.138995149,3.0500000000000005e-11,1.8787521448497744e+43
MCG-05-23-016,09h47m40.2s,-30d56m55s,0.008486,36.58169972,Sy 2,1.4541431740000001,0.07413486799999999,0.477012325,0.03050735,0.13578674300000002,0.022269054,0.0,0.070445459,0.0,0.044750762,2.01e-10,3.2190337193895637e+43
MCG-06-30-015,13h35m53.7s,-34d17m44s,0.007749,33.38577246,Sy 1.2,1.204880083,0.063410185,0.762027881,0.067837685,0.23237960800000002,0.039966136,0.0,0.107407274,0.0,0.07414420099999999,6.329999999999999e-11,8.443612142277158e+42
MCG-07-03-007,01h05m26.8s,-42d12m58s,0.029883999999999997,130.9184179,Sy 2,0.312850317,0.017297871,0.457087342,0.028749446,0.18623825300000002,0.029661622999999998,0.10904687199999999,0.015286951000000002,0.0,0.090875729,1.1999999999999999e-11,2.461412774912288e+43
MCG+00-09-042,03h17m02.2s,+01d15m18s,0.023761,103.6205182,Sy 2 LINER,3.792976518,0.19223997399999998,4.155356195,0.241463939,1.5685586390000001,0.086694029,0.59356387,0.033549699,0.183632182,0.012882711000000002,1.33e-11,1.7090110396041111e+43
MCG+01-57-016,22h40m17.0s,+08d03m14s,0.024974,109.0091633,Sy 1.8,0.9355112109999999,0.050901838,0.966184388,0.107610964,0.51256673,0.056276917,0.202432167,0.026569717000000003,0.0,0.09071736300000001,1.6600000000000003e-11,2.360672864770823e+43
MCG+02-21-013,08h04m46.4s,+10d46m36s,0.034434,151.35965259999998,Sy 2,0.713184129,0.046419525999999996,1.70093992,0.103471618,0.90564356,0.097708195,0.390269009,0.048751422999999995,0.126435179,0.021900229,1.52e-11,4.1674033831487674e+43
MCG+02-57-002,22h23m45.0s,+11d50m09s,0.028999999999999998,126.9623967,Sy 1.5,0.539221604,0.027366137999999998,0.666847553,0.08114682299999999,0.34151569600000004,0.033595053,0.164379566,0.026223425,0.092701721,0.012953446,1.4199999999999998e-11,2.739304280078217e+43
MCG+04-22-042,09h23m43.0s,+22d54m33s,0.032349,141.97614850000002,Sy 1.2,0.13101859,0.012015165,0.39899999999999997,0.027010483999999998,0.385105488,0.055791626,0.182770662,0.033622717999999996,0.10304563800000001,0.017087521,3.99e-11,9.625102968619535e+43
MCG+04-48-002,20h28m35.1s,+25d44m00s,0.0139,60.16832261,Sy 2,9.698,0.485765591,10.445,0.52395848,3.9641232110000004,0.416948383,1.4008190269999998,0.15991088,0.417446118,0.053092187,7.779999999999999e-11,3.370676809020593e+43
MCG+05-03-013,00h51m35.0s,+29d24m05s,0.035955,158.2224297,Sy 1,0.825125235,0.045674729000000004,1.8898391159999999,0.165625183,1.117930774,0.113511624,0.488640604,0.053055789000000006,0.16375572,0.026097872999999997,9.810000000000001e-12,2.939048910996475e+43
MCG+05-28-032,11h48m45.9s,+29d38m28s,0.023016,100.3156406,LINER,0.8755787629999999,0.049042089000000004,1.380758942,0.120503708,0.506840089,0.05068822,0.272385535,0.031610249,0.0,0.08616645099999999,2.45e-11,2.950564368576981e+43
MCG+06-16-028,07h14m03.9s,+35d16m45s,0.015694,68.02640073,Sy 2,2.5486486409999998,0.128469873,2.48741775,0.15486904099999999,0.8666428759999999,0.089646365,0.35501849399999996,0.039938702,0.11687965,0.016868359,1.6699999999999998e-11,9.248539692910852e+42
MCG+06-24-008,10h44m49.0s,+38d10m52s,0.025881,113.0446443,Sy 1.9,0.751518657,0.05134451599999999,1.85048333,0.103566486,0.685769847,0.067777655,0.278572926,0.033812706,0.08569679300000001,0.017038036,1.4e-11,2.14106438057707e+43
MCG+06-49-019,22h27m05.8s,+36d21m42s,0.021328,92.8408452,Sy 2,0.141768449,0.012899478999999998,0.517,0.039118199,0.562350577,0.089110005,0.0,0.29773268199999997,0.0,0.09007476699999999,1.98e-11,2.0424200667744955e+43
MCG+08-11-011,05h54m53.6s,+46d26m22s,0.020484,89.11037791,Sy 1.5,2.639,0.142161712,3.467,0.17804918100000003,2.523032196,0.282243511,1.1384108179999999,0.169408969,0.399228254,0.070576272,1.33e-10,1.2638918675340076e+44
MCG+11-11-032,08h55m12.5s,+64d23m46s,0.036252,159.5642234,Sy 2,0.112673077,0.007877901,0.31685218800000003,0.019979939,0.23934127,0.032743852000000004,0.10858954800000001,0.017288718999999998,0.0,0.062236016,1.7699999999999998e-11,5.393193712333051e+43
MCG+12-10-067,10h44m08.5s,+70d24m19s,0.033576999999999996,147.4993705,Sy 2,0.8690000000000001,0.046492538,1.9080000000000001,0.09890007599999999,1.267351532,0.177010862,0.533202427,0.088491192,0.178797405,0.025194163999999998,1.2900000000000002e-11,3.358704154252987e+43
Mrk10,07h47m29.1s,+60d56m01s,0.029255,128.1030409,Sy 1.2,0.713,0.039857436,1.973,0.10109194099999999,1.42000264,0.143003759,0.700160007,0.071045202,0.288164504,0.041001231,1.48e-11,2.906580135392769e+43
Mrk1018,02h06m16.0s,-00d17m29s,0.042436,187.6300936,Sy 1.5,0.068410402,0.011639073,0.115368952,0.015412226000000001,0.146799844,0.023292862999999997,0.120303414,0.014005543,0.077698545,0.013120882,3.3e-11,1.3903387841809143e+44
Mrk1210,08h04m05.9s,+05d06m50s,0.013496000000000001,58.40162434,Sy 2,1.5096601440000001,0.078391348,0.913928362,0.089092804,0.36466520399999997,0.040212633,0.139270673,0.017838275,0.0,0.067656602,5.4399999999999994e-11,2.2204983767745336e+43
Mrk1310,12h01m14.4s,-03d40m41s,0.01956,85.03161638,Sy 1,0.136626999,0.010589771999999999,0.268198697,0.025586912000000003,0.162582198,0.026142006000000002,0.104223637,0.020409383,0.0,0.085381433,1.13e-11,9.777797088413265e+42
Mrk1392,15h05m56.6s,+03d42m26s,0.036135,159.03557080000002,Sy 1,0.363753186,0.025533872000000003,0.9363971109999999,0.062955101,0.541744879,0.06265617700000001,0.22808692600000002,0.037776747,0.080913137,0.013064343,1.9e-11,5.751006419117236e+43
Mrk18,09h01m58.4s,+60d09m06s,0.011087999999999999,47.893571200000004,Sy 2,2.56471364,0.133031793,2.408955595,0.169669813,0.785250638,0.08216353400000001,0.29472724100000003,0.030528162999999997,0.095407665,0.016354639,1.2199999999999999e-11,3.34900642923501e+42
Mrk198,12h09m14.1s,+47d03m30s,0.02422,105.65846599999999,Sy 2,0.8457194640000001,0.04970657,1.024738724,0.06533720900000001,0.365136466,0.039527307000000005,0.15858946599999998,0.027059116,0.0,0.044795112000000005,2.2199999999999998e-11,2.965946303383448e+43
Mrk202,12h17m55.0s,+58d39m35s,0.021015,91.45685052,Sy 1 (58 month),0.196925715,0.011998537,0.295399819,0.023715005,0.12044253,0.021256737999999997,0.0,0.079317761,0.0,0.05744393,8.07e-12,8.078072105366065e+42
Mrk279,13h53m03.4s,+69d18m30s,0.030451,133.45846509999998,Sy 1.5,0.8523342740000001,0.044452530999999997,0.822451073,0.072782255,0.36948170399999997,0.039912915,0.15068609300000002,0.025554536,0.0,0.053492762,3.92e-11,8.355645881604399e+43
Mrk290,15h35m52.4s,+57d54m09s,0.029577,129.5439812,Sy 1,0.178191275,0.009529293000000001,0.115582294,0.008355851999999999,0.048625037,0.006505362,0.0,0.07446823799999999,0.0,0.057332829,2.33e-11,4.679420875671849e+43
Mrk3,06h15m36.3s,+71d02m15s,0.013509,58.5,Sy 2,3.12,0.18,2.53,0.17,0.853472373,0.094835965,0.325373345,0.033845099999999996,0.127846589,0.015095835,1.41e-10,5.774741553390069e+43
Mrk335,00h06m19.5s,+20d12m10s,0.025785000000000002,112.61726370000001,Sy 1.2,0.30869785899999996,0.015692298,0.15031150599999998,0.010295031,0.06589033,0.008035599000000001,0.0,0.03604625,0.0,0.038095572,1.84e-11,2.792733356939055e+43
Mrk348,00h48m47.1s,+31d57m25s,0.015034,65.13302407,Sy 2 FSRQ,0.8081772340000001,0.040610297000000004,0.995043028,0.050227074000000003,0.525318967,0.051037295999999996,0.300062431,0.030300406000000002,0.16930007600000002,0.019551871000000002,1.56e-10,7.920065822280456e+43
Mrk352,00h59m53.3s,+31d49m37s,0.014863999999999999,64.38822116,Sy 1,0.0,0.08001245,0.0,0.089013372,0.117523484,0.014772111000000001,0.0,0.070439141,0.0,0.063108836,3e-11,1.4884553670448865e+43
Mrk359,01h27m32.6s,+19d10m44s,0.017385,75.45255299,Sy 1.5,1.467632007,0.078435462,1.473403733,0.107034596,0.560255775,0.054499994,0.22064065800000002,0.026618471,0.0,0.117754115,1.33e-11,9.061523612703946e+42
Mrk417,10h49m30.9s,+22d57m52s,0.032756,143.8056573,Sy 2,0.132469817,0.008209586,0.11781281199999999,0.020070765,0.045701434000000006,0.006937723000000001,0.0,0.086328935,0.0,0.047057207000000004,3.24e-11,8.018602049240734e+43
Mrk477,14h40m38.1s,+53d30m16s,0.037725999999999996,166.231824,Sy 1,1.3072665509999999,0.070377991,0.734828727,0.047389702,0.242382254,0.014770323,0.09157764300000001,0.008156239000000001,0.0,0.058478159,1.4400000000000002e-11,4.762034528823988e+43
Mrk50,12h23m24.1s,+02d40m45s,0.023433000000000002,102.1650421,Sy 1,0.0,0.055113313,0.0,0.142068802,0.0,0.082567858,0.061348892,0.007133606999999999,0.0,0.057251505,2.26e-11,2.8230253839074e+43
Mrk509,20h44m09.7s,-10d43m25s,0.034397000000000004,151.1928923,Sy 1.2,1.5005328059999998,0.0782824,1.230031345,0.088090345,0.38637800899999997,0.022265666,0.151253387,0.010930858,0.0,0.048561615,9.62e-11,2.631719083715439e+44
Mrk590,02h14m33.6s,-00d46m00s,0.026385000000000002,115.28936850000001,Sy 1.2,0.545010465,0.03643136,1.877013522,0.110987863,1.450828015,0.144775381,0.641807283,0.067577185,0.216390143,0.023121588,1.6699999999999998e-11,2.656419742724611e+43
Mrk595,02h41m34.9s,+07d11m14s,0.026982,117.95041840000002,Sy 1.5,0.389437126,0.020308065,0.5207643670000001,0.032967176,0.296060626,0.038374607000000005,0.0,0.11758018199999999,0.0,0.09294058599999999,1.0900000000000001e-11,1.8147933406883722e+43
Mrk6,06h52m12.3s,+74d25m37s,0.018813,81.73823285,Sy 1.5,1.0434904109999998,0.061380615,0.94235209,0.07081725700000001,0.605179601,0.088362648,0.256863387,0.04699616,0.0,0.09641498,6.06e-11,4.845346280229913e+43
Mrk618,04h36m22.2s,-10d22m34s,0.03555,156.3936189,Sy 1,3.036072533,0.165912154,3.24356697,0.194777705,1.2183117559999999,0.135173929,0.49896834100000004,0.0628321,0.21469009100000003,0.029666346,1.7800000000000003e-11,5.21026446755826e+43
Mrk653,12h39m51.7s,+34d58m30s,0.043067,190.50752590000002,Sy 2,0.135752417,0.009333385999999999,0.41154434799999995,0.024764952000000003,0.281567067,0.029336731,0.136059729,0.018791515,0.0,0.066245672,9e-12,3.909025385381054e+43
Mrk704,09h18m26.0s,+16d18m19s,0.029233999999999996,128.00908959999998,Sy 1.5,0.33561059299999996,0.017836127,0.253436728,0.02679198,0.154955245,0.022045257999999998,0.0,0.087508314,0.0,0.053759414000000005,3.31e-11,6.490995664151656e+43
Mrk728,11h01m01.8s,+11d02m49s,0.035644999999999996,156.8225052,Sy 1.9,0.045509922,0.004829976,0.0,0.061543092,0.0,0.046885563,0.0,0.055482557,0.0,0.063866952,1.3699999999999999e-11,4.032171997961133e+43
Mrk739E,11h36m29.4s,+21d35m46s,0.029717,130.17068500000002,Sy 1,1.68298015,0.0853318,3.130457753,0.17854472100000002,1.195324488,0.116349434,0.441627726,0.047361127,0.11732361699999999,0.016524675,1.32e-11,2.676714300574572e+43
Mrk766,12h18m26.5s,+29d48m46s,0.012929,55.92392579,Sy 1.5,4.25941669,0.215906054,2.94056789,0.191541475,1.017191667,0.09915499300000001,0.40465233,0.051185862,0.12552914099999998,0.020723323000000002,2.17e-11,8.121883258944787e+42
Mrk79,07h42m32.8s,+49d48m35s,0.022188999999999997,96.65121445,Sy 1.2,1.43086304,0.088300401,2.369608249,0.18542567100000001,1.2382588620000001,0.13063934900000002,0.537516067,0.056106718,0.208764643,0.033350477,4.66e-11,5.209574523419475e+43
Mrk817,14h36m22.1s,+58d47m39s,0.031455000000000004,137.9612511,Sy 1.5,2.1585017619999998,0.110040691,1.706478147,0.154335418,0.602467877,0.06002959099999999,0.299426595,0.032743102,0.08353394900000001,0.014926858000000001,2.59e-11,5.899506986409175e+43
Mrk841,15h04m01.2s,+10d26m16s,0.036422,160.33250680000003,Sy 1,0.448376834,0.022615114,0.18221733699999998,0.014399316,0.058485485999999996,0.008205514,0.0,0.052495812999999995,0.0,0.054367396,3.5600000000000005e-11,1.0952036212041408e+44
Mrk885,16h29m48.3s,+67d22m42s,0.025328,110.5835699,Sy 1,0.405571877,0.022655599999999998,1.002075533,0.08481363,0.43639331600000003,0.043516418,0.229725055,0.025390205,0.0,0.08175643099999999,1.4e-11,2.0488537309185086e+43
Mrk926,23h04m43.5s,-08d41m09s,0.04686,207.857139,Sy 1.5,0.606472675,0.032634623,0.7130374559999999,0.066791886,0.298820354,0.034981057999999995,0.14379033800000002,0.01880076,0.0,0.069729428,1.1400000000000001e-10,5.894357181122079e+44
Mrk975,01h13m51.0s,+13d16m18s,0.049634,220.6032227,Sy 1,0.8062606259999999,0.049590876,1.278986838,0.068484718,0.505957333,0.051082142999999997,0.256972143,0.032130597999999996,0.0,0.08729766800000001,1.65e-11,9.60968953312136e+43
NGC1052,02h41m04.8s,-08d15m21s,0.005037,19.4,Sy 2,0.855488783,0.048175794,0.798697532,0.083239936,0.498142099,0.090923263,0.0,0.435781776,0.0,0.20871635100000002,2.95e-11,1.3287007596926386e+42
NGC1106,02h50m40.5s,+41d40m17s,0.014466999999999999,62.64962268,Sy 2,1.112253065,0.058018741,1.736931264,0.123047741,1.00406749,0.104096491,0.411720718,0.043304555,0.139439654,0.017080795,1.8600000000000002e-11,8.736783443966706e+42
NGC1125,02h51m40.3s,-16d39m04s,0.010931,47.20977291,Sy 2,3.2242128589999997,0.164401124,2.376243147,0.163243856,1.427674706,0.147864261,0.0,0.669064306,0.0,0.435206314,1.74e-11,4.6410343041815383e+42
NGC1194,03h03m49.1s,-01d06m13s,0.013596,58.83882645,Sy 2,0.633081133,0.03440741,0.472782309,0.024875142000000003,0.473235467,0.074339748,0.339799374,0.064165374,0.0,0.25030947800000003,3.66e-11,1.5163895993178818e+43
NGC1365,03h33m36.4s,-36d08m25s,0.005457,18.0,Sy 1.8,133.097,6.656018839,217.359,10.87060764,96.53172864,9.207923718,41.30710581,3.993570325,14.77219267,1.4483995230000002,6.409999999999999e-11,2.4854483768336293e+42
NGC2110,05h52m11.4s,-07d27m22s,0.007789,35.6,Sy 2,5.141197198,0.26147508399999997,5.226851087,0.267036908,2.086312779,0.229623355,0.8164889129999999,0.09616490300000001,0.0,0.336466585,3.19e-10,4.838295466678099e+43
NGC235A,00h42m52.8s,-23d32m28s,0.022229,96.82835193,Sy 1,2.336859775,0.122728981,2.612601285,0.172639882,0.913112068,0.100772906,0.344752173,0.05969526,0.0,0.10780176,4.77e-11,5.352111672973936e+43
NGC2655,08h55m37.7s,+78d13m23s,0.0046700000000000005,23.8,Sy 2,1.829766311,0.093363771,3.790938142,0.2646,3.6426820810000002,0.593104411,1.5733189909999998,0.328965666,0.494193217,0.13455334,1.34e-11,9.083650581116886e+41
NGC2885,09h27m18.5s,+23d01m12s,0.026314999999999998,114.97750320000002,Sy 1,0.23281997,0.013255945,0.6482421939999999,0.056868117999999995,0.531245951,0.06604054200000001,0.26148114699999997,0.03546423,0.100928856,0.014838947,1.59e-11,2.5155014889923816e+43
NGC2992,09h45m42.1s,-14d19m35s,0.00771,31.6,Sy 2,9.455599319,0.480206584,12.11854473,0.7551145840000001,4.585536178,0.455941927,1.918180032,0.19933879899999998,0.633350133,0.073866824,2.6899999999999996e-11,3.214608973657075e+42
NGC3035,09h51m55.0s,-06d49m23s,0.014523,62.89480339,Sy 1.8,0.8029999999999999,0.048735783,2.633,0.134337483,1.635852801,0.172881767,0.6842760509999999,0.072539808,0.262488492,0.028196447000000003,1.93e-11,9.136682726344098e+42
NGC3079,10h01m57.8s,+55d40m47s,0.0037229999999999997,25.8,Sy 2,62.729,2.154954429,98.05799999999999,4.777679934,47.18262289,4.508062604,19.47301658,0.086118005,6.8936412339999995,0.671331683,3.3e-11,2.6287849472916903e+42
NGC3081,09h59m29.5s,-22d49m35s,0.007976,32.5,Sy 2,2.657,0.134168645,3.992,0.20206862,2.462076361,0.242541327,1.094170476,0.109599061,0.39667357,0.0492789,8.320000000000001e-11,1.0516997137773706e+43
NGC3227,10h23m30.6s,+19d51m54s,0.0038590000000000005,26.4,Sy 1.5,10.780999999999999,0.5440747020000001,21.675,1.091381776,11.6858955,1.114112864,5.011388075,0.489488519,1.72693287,0.169499268,1.1e-10,9.174919159828216e+42
NGC3281,10h31m52.1s,-34d51m13s,0.010674,46.09078337,Sy 2,7.341675926000001,0.369024371,7.0061954239999995,0.36140434,2.587085775,0.27723790800000003,0.988434748,0.109741765,0.307112073,0.04224143,8.640000000000001e-11,2.1965628240980957e+43
NGC3393,10h48m23.5s,-25d09m43s,0.012509000000000001,54.08995046,Sy 2,1.731468472,0.088457904,3.780353641,0.196157737,2.579715881,0.28032402100000003,1.102068187,0.128456257,0.41293222399999996,0.078659576,2.5999999999999997e-11,9.103496358150182e+42
NGC3431,10h51m15.0s,-17d00m29s,0.017522,76.05501502,Sy 2,0.665,0.051363615,1.745,0.098128707,1.257536762,0.133458171,0.632503933,0.083921679,0.27011119,0.040526801,2.2399999999999998e-11,1.550620205156519e+43
NGC3516,11h06m47.5s,+72d34m07s,0.008836,38.9,Sy 1.5,1.804101996,0.092209685,1.196012798,0.09046819699999999,0.429511285,0.045705790999999996,0.149069149,0.017234365,0.0,0.110024709,1.18e-10,2.136893693882982e+43
NGC3718,11h32m34.9s,+53d04m05s,0.003312,17.1,LINER,0.6322166929999999,0.051025380999999995,3.7089999999999996,0.240149725,4.822073592,1.396440273,2.801902302,0.662061965,1.077214555,0.429377141,1.2099999999999999e-11,4.23427732248322e+41
NGC3783,11h39m01.8s,-37d44m19s,0.009729999999999999,38.5,Sy 1,3.0459739669999997,0.157313528,4.490735875,0.270244875,2.918468388,0.317692235,1.186956395,0.129097761,0.367995219,0.044799722,1.8100000000000002e-10,3.210714884332247e+43
NGC3786,11h39m42.6s,+31d54m33s,0.008933,40.0,Sy 1.8,2.19,0.204970832,3.138,0.454168136,1.935254873,0.207458955,0.815440561,0.103144626,0.259074441,0.038287267,1.8e-11,3.4466262809272036e+42
NGC4051,12h03m09.6s,+44d31m53s,0.002336,17.1,Sy 1.5,13.365,0.6749434120000001,38.655,1.9425629009999998,20.77847931,1.9949574380000001,9.152558867,0.896516042,3.2003582089999996,0.335049614,3.9500000000000006e-11,1.3822640846122911e+42
NGC4102,12h06m23.0s,+52d42m40s,0.002823,17.1,LINER,55.005,2.7506589910000003,54.193999999999996,2.710138839,20.6768843,1.97232926,7.729261162,0.739314295,2.371467542,0.23098504399999997,2.79e-11,9.763333660932384e+41
NGC4138,12h09m29.8s,+43d41m07s,0.0029620000000000002,13.8,Sy 1.9,2.063,0.129362201,5.537000000000001,0.459466479,3.75181425,0.37084381200000005,1.532298027,0.16830289899999998,0.613041,0.089442605,3e-11,6.8372448847893416e+41
NGC4151,12h10m32.6s,+39d24m21s,0.003319,11.2,Sy 1.5,6.888999999999999,0.35416213799999996,9.055,0.46010349100000003,3.9591054160000003,0.39848258200000003,1.768968826,0.17791919399999997,0.61773164,0.068422364,5.39e-10,8.091453040494967e+42
NGC4180,12h13m03.0s,+07d02m20s,0.006992,31.5,Sy 2,5.25,0.263909832,8.98,0.450733955,3.925963603,0.382303696,1.5412809369999998,0.149828186,0.504901272,0.04939816,1.6699999999999998e-11,1.9830756696206696e+42
NGC4235,12h17m09.9s,+07d11m30s,0.008039,31.5,Sy 1,0.34946773200000003,0.018440328,0.8230103590000001,0.129919012,0.736282113,0.083540832,0.319454895,0.042883912999999996,0.12096853800000001,0.01919587,3.25e-11,3.8592789977647763e+42
NGC424,01h11m27.6s,-38d05m00s,0.011764,50.83967032,Sy 1,1.686990178,0.08868354699999999,1.6021827180000001,0.14400798,0.949108301,0.091849407,0.46273007200000005,0.053309460999999995,0.172655421,0.023374628999999997,2.0699999999999997e-11,6.402911574582344e+42
NGC4388,12h25m46.7s,+12d39m44s,0.008419,16.8,Sy 2,11.796,0.593570253,18.588,0.93260469,7.9058831960000004,0.75408557,3.266647755,0.311117492,1.149222518,0.110668331,2.7699999999999997e-10,9.356211702204986e+42
NGC4507,12h35m36.6s,-39d54m33s,0.011801,51.00100779,Sy 2,4.392239891,0.220686301,4.676514118,0.241263158,2.798023401,0.26867831,1.166972122,0.142365098,0.424692041,0.05262472,1.88e-10,5.852171874591365e+43
NGC4619,12h41m44.5s,+35d03m46s,0.023106,100.7146967,Sy 1,1.339,0.07171498,3.236,0.165368152,2.044223169,0.195555093,0.852354463,0.086670198,0.272153877,0.032179868,7.0199999999999996e-12,8.521666189253257e+42
NGC4748,12h52m12.5s,-13d24m53s,0.01463,63.36333068,Sy 1 NL,1.4373788490000001,0.073078593,2.4159898859999998,0.136795112,1.182669389,0.114344658,0.506502667,0.066428214,0.153948991,0.020053296,1.3800000000000002e-11,6.630660461796679e+42
NGC4939,13h04m14.4s,-10d20m23s,0.010374,44.78511824,Sy 2,1.9380000000000002,0.123002742,7.0,0.37882781600000004,9.25745853,0.911328061,4.282017436,0.463760509,1.597188517,0.195585278,2.49e-11,5.976796992862942e+42
NGC4941,13h04m13.1s,-05d33m06s,0.003696,14.0,Sy 2,0.96467536,0.058073577,3.955,0.21555411600000002,5.486740035,0.611031179,2.664116632,0.41725220399999996,0.9547344790000001,0.18313896,2.05e-11,4.808522359988023e+41
NGC4992,13h09m05.6s,+11d38m03s,0.025137,109.7340013,Sy 2 XBONG,0.179533377,0.009972569,0.5479999999999999,0.047357801,0.512847645,0.05156508,0.24565505199999998,0.029228727000000003,0.11681601,0.021609329,5.3499999999999996e-11,7.709707833653968e+43
NGC5033,13h13m27.5s,+36d35m38s,0.002919,18.5,Sy 1.9,19.133,0.9594182309999999,50.152,2.533555938,39.25219807,3.9826841060000002,17.08319644,1.81616728,6.162912322,0.7289978020000001,5.52e-12,2.2609150355740594e+41
NGC5106,13h20m59.6s,+08d58m42s,0.031942,140.14770159999998,LINER,2.8722849569999997,0.15304495199999998,5.005165137,0.257676623,1.9370194269999998,0.186625882,0.795056491,0.08634,0.274707355,0.035744688,1.4e-11,3.290801622379281e+43
NGC513,01h24m26.9s,+33d47m58s,0.019544,84.96103734,Sy 2,2.8621365830000003,0.146416928,4.143162827,0.211360501,1.468757591,0.14836296300000001,0.587717398,0.067678893,0.17204535899999998,0.025023487,2.04e-11,1.7622661024583707e+43
NGC5231,13h35m48.2s,+02d59m56s,0.021759,94.74764164,Sy 2,0.7016490329999999,0.039266387,1.770694566,0.124982904,0.8080590940000001,0.080042568,0.314973244,0.04115436,0.11104412400000001,0.014033668999999999,1.56e-11,1.6759579709856397e+43
NGC5252,13h38m16.0s,+04d32m33s,0.022975,100.1338658,Sy 1.9,0.340832139,0.023046942999999997,0.49815363100000004,0.0731,0.38242248700000003,0.069231968,0.0,0.21102222,0.0,0.154671555,1.15e-10,1.3799441631026513e+44
NGC526A,01h23m54.4s,-35d03m56s,0.019097,82.98990826,Sy 1.5,0.20113518,0.01323289,0.29124865699999997,0.031329033,0.18904084699999998,0.021494202,0.11493548199999999,0.019543094,0.0,0.054873288,6.329999999999999e-11,5.217422256826711e+43
NGC5273,13h42m08.3s,+35d39m15s,0.003549,16.5,Sy 1.9,0.721456405,0.040469412,0.704694714,0.063317305,0.32910206,0.049124655,0.201065298,0.039303811,0.0,0.105244141,1.39e-11,4.528813079602707e+41
NGC5290,13h45m19.2s,+41d42m45s,0.008583,30.9,Sy 2,2.0709999999999997,0.240188016,7.3389999999999995,1.290110045,5.089975541,0.49260401600000003,2.225684239,0.223706901,0.789635305,0.09192773,1.92e-11,2.1939154928614023e+42
NGC5506,14h13m14.9s,-03d12m27s,0.006181,21.7,Sy 1.9,8.088,0.415497664,6.587999999999999,0.333677335,2.770015653,0.268858249,1.110621969,0.111571064,0.367678315,0.047058348,2.41e-10,1.3581202281653486e+43
NGC5548,14h17m59.5s,+25d08m12s,0.017175,74.52930845,Sy 1.5,1.1728939109999998,0.063614507,1.49396201,0.09776652300000001,0.82780342,0.08381591099999999,0.327276537,0.037241325,0.0,0.11632896599999999,7.859999999999999e-11,5.224905457356726e+43
NGC5610,14h24m22.9s,+24d36m51s,0.016888,73.26800573,Sy 2,5.419,0.274547102,6.218999999999999,0.314597884,3.089543786,0.302099326,1.251015866,0.12357257099999999,0.437192425,0.049432458,1.92e-11,1.2334787659087646e+43
NGC5674,14h33m52.2s,+05d27m30s,0.024931000000000002,108.8179769,Sy 1.9,1.819,0.09807208,3.94,0.202118031,2.314810624,0.22470948699999999,0.935893758,0.11153902800000001,0.346934453,0.06333934,1.6e-11,2.267373074326933e+43
NGC5683,14h34m52.4s,+48d39m43s,0.036222000000000004,159.4286631,Sy 1,0.09721448699999999,0.010136244,0.0,0.168504718,0.10780417199999999,0.01689587,0.0,0.062024302999999996,0.0,0.04999793599999999,1.23e-11,3.7414472583340485e+43
NGC5728,14h42m23.9s,-17d15m11s,0.009353,24.8,Sy 2,9.758,0.488669966,13.717,0.68690306,7.502774115,0.779799936,3.226295995,0.325992021,1.093064904,0.12595108900000002,8.86e-11,6.521369245311875e+42
NGC5899,15h15m03.2s,+42d02m59s,0.008546,43.5,Sy 2,5.0969999999999995,0.262292423,13.193,0.6649777960000001,8.167922847,0.779959373,3.613311308,0.35931515,1.2100920929999999,0.11770048,2.01e-11,4.5517277590173085e+42
NGC5995,15h48m25.0s,-13d45m28s,0.025194,109.9875128,Sy 2,4.025420737,0.20207455800000002,5.398710735,0.273451559,2.469539639,0.23732156,0.988217775,0.09992663800000001,0.329716626,0.034147622999999995,4.370000000000001e-11,6.326593152352302e+43
NGC6221,16h52m46.1s,-59d13m07s,0.004999,15.6,Sy 2,59.107,2.976191617,83.425,6.7150606989999995,40.59416995,3.98404049,15.93351246,1.5645243180000001,5.122101005,0.533524412,2.0200000000000002e-11,5.8830463989146444e+41
NGC6240,16h52m58.9s,+02d24m03s,0.024480000000000002,106.81346359999999,Sy 2,26.62135846,1.357701786,20.23257166,1.027821245,6.402345699,0.61612857,2.425532533,0.238592876,0.811325291,0.085656951,7.22e-11,9.858047377768346e+43
NGC6300,17h16m59.5s,-62d49m14s,0.003699,13.1,Sy 2,19.113,1.091031466,44.229,2.6213274269999998,29.07134209,2.821921865,12.38549463,1.260463951,4.390760122,0.45784064799999996,9.940000000000001e-11,2.0414120932413126e+42
NGC6552,18h00m07.3s,+66d36m54s,0.026492,115.76613799999998,Sy 2,2.573571508,0.13165080699999998,2.187865965,0.143152809,0.811945985,0.08386790200000001,0.292172025,0.030856216000000002,0.0,0.104015414,1.92e-11,3.0793994424494557e+43
NGC6814,19h42m40.6s,-10d19m25s,0.005214,22.0,Sy 1.5,7.224,0.369665674,21.281999999999996,1.0641,12.64830593,1.29397038,5.597928227000001,0.586152718,2.0449505119999998,0.28492263100000004,7.73e-11,4.4774068879717226e+42
NGC6860,20h08m46.9s,-61d06m01s,0.014884,64.47583523,Sy 1,1.4306255419999998,0.076114525,3.0585888960000003,0.159850891,1.4268117809999998,0.137587665,0.622531679,0.060483747000000004,0.21341600100000002,0.021949064,5.32e-11,2.6467156983764765e+43
NGC7172,22h02m01.9s,-31d52m11s,0.008683,33.9,Sy 2,7.148,0.36151298,12.693,0.641269416,6.1240100779999995,0.587377445,2.523700345,0.24290487100000002,0.821440097,0.080439167,1.71e-10,2.351782824305709e+43
NGC7213,22h09m16.3s,-47d10m00s,0.0058390000000000004,14.5,Sy 1.5,3.236717102,0.164570871,7.960617932999999,0.400582995,7.036484891000001,0.7508576920000001,3.003071023,0.029978499,1.062038503,0.337678164,4.21e-11,1.0593020378918115e+42
NGC7465,23h02m01.0s,+15d57m53s,0.0065650000000000005,26.5,LINER,4.169308356,0.211340628,4.7147159080000005,0.24056222300000002,2.595813272,0.301046714,1.081685448,0.15463032599999998,0.334501027,0.096662734,1.46e-11,1.2270049397362667e+42
NGC7469,23h03m15.6s,+08d52m26s,0.016316999999999998,70.76018175,Sy 1.2,30.77038648,1.540223451,26.93514329,1.4990731259999999,8.402675938,0.80740239,3.171575383,0.31013041199999997,0.897029035,0.099000601,6.67e-11,3.9967356181658084e+43
NGC7479,23h04m56.7s,+12d19m22s,0.007942,31.5,Sy 2 LINER,14.341,0.7231023870000001,25.989,1.3068786209999999,16.89909952,1.745978555,7.237001671,0.838344511,2.582884721,0.330424864,2.04e-11,2.4224397401354287e+42
NGC7582,23h18m23.5s,-42d22m14s,0.005254,18.7,Sy 2,67.40899999999999,3.3934214519999997,77.26100000000001,3.966652578,30.16415556,2.893204248,11.82786873,1.141545536,3.762478158,0.379166227,8.07e-11,3.3772130227471854e+42
NGC7603,23h18m56.6s,+00d14m38s,0.029524,129.3067619,Sy 1.5,1.33071231,0.070288907,2.639397366,0.135818124,1.307094392,0.139099329,0.530747328,0.052094637,0.174270515,0.02078217,5.02e-11,1.0044952723974155e+44
NGC7679,23h28m46.7s,+03d30m41s,0.017138999999999998,74.37106681,Sy 2,8.875044866,0.446250146,9.001756909,0.45824569600000004,3.067781077,0.304443256,1.118193778,0.127391066,0.36125531899999996,0.04801635,1.51e-11,9.995089268107876e+42
NGC788,02h01m06.4s,-06d48m56s,0.013603,58.86943305,Sy 2,0.517985596,0.027489561000000003,0.516,0.027000000000000003,0.8157314259999999,0.089520501,0.352314051,0.054886537,0.0,0.143319492,8.01e-11,3.3221094008422197e+43
NGC931,02h28m14.5s,+31d18m42s,0.016652,72.23123927,Sy 1.5,2.521,0.14342047900000002,5.331,0.273079952,3.763434045,0.399963036,1.702706815,0.18176473199999998,0.646769012,0.113744786,6.06e-11,3.7837676852747146e+43
NGC985,02h34m37.8s,-08d47m15s,0.043143,190.8542649,Sy 1,1.296,0.06984201799999999,1.8659999999999999,0.099535275,0.936882419,0.09590934599999999,0.41388653200000003,0.053000374,0.20385876100000003,0.024772511,3.1899999999999995e-11,1.3905804811588105e+44
PG2304+042,23h07m02.9s,+04d32m57s,0.042,185.6433584,Sy 1,0.0,0.025324169,0.0,0.027517297000000003,0.0,0.077722935,0.0,0.057703159000000004,0.0,0.080802147,1.5e-11,6.186596612845681e+43
PICTORA,05h19m49.7s,-45d46m44s,0.035058,154.17336219999999,Sy 1 LINER,0.129928645,0.010677276000000001,0.305231101,0.022825368999999998,0.473996631,0.02678275,0.6048774339999999,0.033912424,0.7430202859999999,0.041944643,3.86e-11,1.0980135493353807e+44
PKS2331-240,23h33m55.2s,-23d43m41s,0.0477,211.7116855,Sy 2,0.141542057,0.010391034,0.34114270399999996,0.025189634,0.397481529,0.022770042,0.470905759,0.026951904,0.559668551,0.031897086,1.53e-11,8.206969089759341e+43
SBS0915+556,09h19m13.2s,+55d27m55s,0.0494,219.5261589,Sy 2,0.097500976,0.012847962,0.0,0.075323846,0.0,0.061402962,0.0,0.038519876,0.0,0.052870129,8.13e-12,4.688833487470874e+43
SBS1301+540,13h03m59.5s,+53d47m30s,0.0299,130.9900663,Sy 1,0.0,0.150694045,0.0,0.084666701,0.084474618,0.00887272,0.051883762,0.009546898,0.0,0.081085299,3.26e-11,6.694159122195964e+43
SDSSJ104326.47+110524.2,10h43m26.5s,+11d05m24s,0.047580000000000004,211.1607636,Sy 1,0.057733728,0.009826995,0.0,0.1395754,0.0,0.043958381,0.0,0.07242618099999999,0.0,0.037630059,1.4199999999999998e-11,7.577335197823548e+43
SWIFTJ212745.6+565636,21h27m45.8s,+56d57m07s,0.0147,63.66988434,Sy 1,0.15583285800000002,0.009789286999999999,0.0,0.049536013,0.0,0.195385488,0.0,0.203252992,0.0,0.103274234,3.7299999999999997e-11,1.8095836396781706e+43
UGC01479,02h00m19.1s,+24d28m25s,0.016434999999999998,71.27826179,Sy 2,1.7480000000000002,0.08992319300000001,2.665,0.135274117,1.402481446,0.145608303,0.569342214,0.058428746,0.19881493,0.035428043,1.4400000000000002e-11,8.755448548850951e+42
UGC03142,04h43m46.8s,+28d58m19s,0.021655,94.28742270000001,Sy 1,1.2269970540000001,0.067642642,2.659057708,0.161166699,0.0,1.597097281,0.0,0.6680941739999999,0.0,0.37156718899999996,4.5500000000000004e-11,4.840838940601068e+43
UGC03478,06h32m47.2s,+63d40m25s,0.012768999999999999,55.22513231,Sy 1.2,1.465,0.077414997,3.824,0.19685886,2.15130323,0.212977981,0.933691753,0.092642944,0.310989082,0.033950306,1.0100000000000001e-11,3.686350377452355e+42
UGC03601,06h55m49.5s,+40d00m01s,0.017122,74.29634453,Sy 1.5,0.36730636899999997,0.020313506999999998,0.719022154,0.074810344,0.320277805,0.039170322,0.149523937,0.020621658,0.0,0.054227637,2.14e-11,1.4136775908828e+43
UGC03995A,07h44m07.0s,+29d14m57s,0.015812,68.54400109,Sy 2 No X-ray Obs.,1.155367951,0.3707621,2.025893417,0.202589342,2.526525849,0.248836655,1.290264974,0.158973062,0.546248553,0.060634709,1.7e-11,9.558495329824999e+42
UGC05881,10h46m42.5s,+25d55m54s,0.020590999999999998,89.58306033,Sy 2,1.8907072630000001,0.09613060400000001,2.0021488069999998,0.128126877,0.8979716090000001,0.091362605,0.37146902,0.04673726,0.156697255,0.019625723,1.93e-11,1.8535777425641877e+43
UGC06728,11h45m16.0s,+79d40m53s,0.006518,28.05563919,Sy 1.2,0.104094934,0.007669986,0.0,0.08698924300000001,0.0,0.205383707,0.0,0.19593919899999998,0.0,0.111469986,2.7199999999999997e-11,2.5621877285201208e+42
UGC07064,12h04m43.3s,+31d10m38s,0.024997,109.11143059999999,Sy 1.9,1.748853695,0.09239387800000001,3.089244107,0.17503538899999999,1.256957114,0.12355777800000001,0.526619759,0.055259540999999995,0.23894871399999998,0.027184067000000003,1.33e-11,1.8949329538612852e+43
UGC08327NED02,13h15m17.3s,+44d24m26s,0.036552999999999995,160.9246628,Sy 2,1.483076059,0.076527136,0.88358672,0.092058809,0.379999325,0.040095765,0.137436124,0.015648376000000002,0.106668869,0.018780131999999998,1.71e-11,5.299599292453428e+43
UGC10593,16h52m18.9s,+55d54m20s,0.02915,127.6333132,Sy 2,0.510296185,0.034856937000000005,0.9167855109999999,0.063535863,0.46745869700000003,0.06762148,0.0,0.235347179,0.0,0.087739919,1.52e-11,2.9632847203394784e+43
UGC11185NED02,18h16m11.5s,+42d39m37s,0.041205,182.0238608,Sy 2 Galaxy Pair,0.46694516,0.0305978,0.464872415,0.027364095,0.48338464600000003,0.063736856,0.212081358,0.034083502,0.0,0.086460547,1.92e-11,7.613065732166645e+43
UGC12237,22h54m19.7s,+11d46m57s,0.028273000000000003,123.71273980000001,Sy 2,0.63950205,0.039849653,1.083,0.068414457,0.94237188,0.127562013,0.449738889,0.06687586599999999,0.168263713,0.031684031,1.71e-11,3.132035443306758e+43
UGC12282,22h58m55.5s,+40d55m53s,0.016992,73.72500113,Sy 1.9,1.189,0.070644099,3.685,0.18939081800000002,2.636303444,0.43264179399999997,1.110553318,0.220517698,0.0,0.497407383,1.92e-11,1.248913936673855e+43
UGC12741,23h41m55.5s,+30d34m54s,0.017445,75.71638992,Sy 2,0.46075621200000005,0.02937709,1.077606607,0.075205416,0.565467343,0.075604182,0.28335198899999997,0.03350319,0.11099921199999999,0.019722886999999998,1.98e-11,1.358459501967474e+43
UM614,13h49m52.8s,+02d04m45s,0.0327,143.55386830000003,Sy 1,0.0,0.061432827999999995,0.0,0.10251168,0.037191177,0.006974121,0.0,0.07761661,0.0,0.08032007299999999,1.62e-11,3.995273563519958e+43
VIIZw073,06h30m25.6s,+63d40m41s,0.041332,182.60180060000002,Sy 2,2.0555744430000003,0.104177996,1.8043772519999999,0.137902844,0.593348561,0.033173562000000004,0.215764368,0.013356121,0.071632555,0.009987001,1.1099999999999999e-11,4.4292969535480076e+43
WKK1263,12h41m25.7s,-57d50m04s,0.02443,106.59131470000001,Sy 1.5,0.728057849,0.040119649,1.005165865,0.088926337,0.292865387,0.017669005,0.11391540800000001,0.013121738,0.0,0.155510231,4.6700000000000004e-11,6.349831862281032e+43
WKK4374,14h51m33.1s,-55d40m38s,0.018000000000000002,78.15799328,Sy 2,0.276659958,0.019117309,0.0,0.7629478190000001,0.0,1.9431321540000002,0.0,1.637644816,0.0,0.918036757,4.08e-11,2.982693797500321e+43
WKK4438,14h55m17.4s,-51d34m15s,0.016,69.36884024,Sy 1 NL,0.857807833,0.055812693,1.591688913,0.157737088,0.0,0.629755727,0.0,0.7233862790000001,0.0,0.537163168,2.15e-11,1.238137948550273e+43
WKK6092,16h11m51.4s,-60d37m55s,0.015637,67.77640599,Sy 1,0.196461318,0.013736883,0.0,0.057807084,0.0,0.052437053,0.0,0.067792577,0.0,0.031985982,3.22e-11,1.770168671560251e+43
WKK6471,16h18m36.4s,-59d27m17s,0.034627,152.22965259999998,Sy 1 NL,0.084111895,0.00842346,0.519079059,0.05447097099999999,0.0,0.187772498,0.0,0.11640938699999999,0.0,0.11089550199999999,2.14e-11,5.934908031061405e+43
